{"0L0R": {"Xm": 0.0, "Ym": 0.0, "Xd": 6.56, "Yd": 6.56}, "0L1L": {"Xm": 1.7600000000000002, "Ym": 2.2399999999999998, "Xd": 20.0, "Yd": 24.96}, "0L0S": {"Xm": 0.0, "Ym": 0.0, "Xd": 9.28, "Yd": 9.600000000000001}, "0L3L": {"Xm": 0.0, "Ym": 10.08, "Xd": 10.08, "Yd": 20.106192}, "0L3S": {"Xm": 10.72, "Ym": 12.8, "Xd": 20.106192, "Yd": 22.400000000000002}, "0L5L": {"Xm": 9.920000000000002, "Ym": 15.200000000000001, "Xd": 16.48, "Yd": 21.76}, "0L6S": {"Xm": 0.0, "Ym": 9.600000000000001, "Xd": 13.440000000000001, "Yd": 22.400000000000002}, "0L6R": {"Xm": 13.600000000000001, "Ym": 8.64, "Xd": 20.106192, "Yd": 15.0796448}, "0L7S": {"Xm": 9.120000000000001, "Ym": 7.68, "Xd": 16.96, "Yd": 15.36}, "0L7L": {"Xm": 7.68, "Ym": 10.240000000000002, "Xd": 12.32, "Yd": 14.880000000000003}, "0L8S": {"Xm": 13.280000000000001, "Ym": 6.720000000000001, "Xd": 20.106192, "Yd": 13.440000000000001}, "0L4L": {"Xm": 6.4, "Ym": 12.32, "Xd": 13.280000000000001, "Yd": 19.200000000000003}, "0L9S": {"Xm": 6.56, "Ym": 0.0, "Xd": 20.0, "Yd": 12.8}, "0L9L": {"Xm": 10.08, "Ym": 0.0, "Xd": 20.106192, "Yd": 10.08}, "0L8L": {"Xm": 2.2399999999999998, "Ym": 7.2, "Xd": 17.919999999999998, "Yd": 23.040000000000003}, "0L10S": {"Xm": 3.2, "Ym": 7.040000000000001, "Xd": 10.88, "Yd": 14.719999999999999}, "0L10L": {"Xm": 6.88, "Ym": 6.08, "Xd": 13.76, "Yd": 12.8}, "0L11S": {"Xm": 0.0, "Ym": 8.959999999999999, "Xd": 6.720000000000001, "Yd": 15.680000000000001}, "0S0L": {"Xm": 0.0, "Ym": 0.0, "Xd": 9.600000000000001, "Yd": 9.28}, "0S0R": {"Xm": 0.0, "Ym": 0.0, "Xd": 8.48, "Yd": 8.16}, "0L11L": {"Xm": 3.6799999999999997, "Ym": 8.32, "Xd": 10.240000000000002, "Yd": 15.040000000000001}, "0S1L": {"Xm": 0.0, "Ym": 0.0, "Xd": 14.4, "Yd": 14.880000000000003}, "0S3S": {"Xm": 9.600000000000001, "Ym": 6.24, "Xd": 16.16, "Yd": 12.96}, "0S2L": {"Xm": 9.600000000000001, "Ym": 11.200000000000001, "Xd": 18.400000000000002, "Yd": 20.16}, "0S3L": {"Xm": 0.0, "Ym": 6.56, "Xd": 12.8, "Yd": 20.0}, "0S3R": {"Xm": 13.92, "Ym": 6.88, "Xd": 22.400000000000002, "Yd": 15.0796448}, "0S4S": {"Xm": 12.8, "Ym": 6.24, "Xd": 19.36, "Yd": 12.96}, "0S4L": {"Xm": 8.32, "Ym": 6.56, "Xd": 16.64, "Yd": 14.880000000000003}, "0S5S": {"Xm": 16.0, "Ym": 6.24, "Xd": 22.400000000000002, "Yd": 12.96}, "0S6L": {"Xm": 9.600000000000001, "Ym": 0.0, "Xd": 22.400000000000002, "Yd": 13.440000000000001}, "0S5L": {"Xm": 12.8, "Ym": 6.4, "Xd": 20.32, "Yd": 14.080000000000002}, "0S7L": {"Xm": 5.760000000000001, "Ym": 10.240000000000002, "Xd": 14.080000000000002, "Yd": 18.56}, "0S9S": {"Xm": 6.24, "Ym": 9.600000000000001, "Xd": 12.96, "Yd": 16.16}, "0S9L": {"Xm": 12.8, "Ym": 10.72, "Xd": 22.400000000000002, "Yd": 20.106192}, "0S8L": {"Xm": 2.08, "Ym": 16.0, "Xd": 9.600000000000001, "Yd": 23.680000000000003}, "0S10S": {"Xm": 3.04, "Ym": 9.600000000000001, "Xd": 9.76, "Yd": 16.16}, "0S10L": {"Xm": 8.0, "Ym": 10.240000000000002, "Xd": 22.400000000000002, "Yd": 25.12}, "0S11S": {"Xm": 0.0, "Ym": 9.600000000000001, "Xd": 6.4, "Yd": 16.16}, "0S11L": {"Xm": 4.0, "Ym": 9.920000000000002, "Xd": 12.8, "Yd": 19.040000000000003}, "0R0S": {"Xm": 0.0, "Ym": 0.0, "Xd": 8.16, "Yd": 8.48}, "0R0L": {"Xm": 0.0, "Ym": 0.0, "Xd": 6.56, "Yd": 6.56}, "0R1L": {"Xm": 0.0, "Ym": 0.0, "Xd": 9.920000000000002, "Yd": 9.600000000000001}, "0R1S": {"Xm": 0.0, "Ym": 0.0, "Xd": 11.840000000000002, "Yd": 11.200000000000001}, "0R1R": {"Xm": 0.8, "Ym": 0.48, "Xd": 15.040000000000001, "Yd": 10.053097600000001}, "0R2S": {"Xm": 8.0, "Ym": 5.44, "Xd": 15.0796448, "Yd": 12.48}, "0R2L": {"Xm": 6.4, "Ym": 5.120000000000001, "Xd": 13.12, "Yd": 11.68}, "0R6L": {"Xm": 8.64, "Ym": 13.600000000000001, "Xd": 15.0796448, "Yd": 20.106192}, "0R7L": {"Xm": 5.28, "Ym": 15.52, "Xd": 15.040000000000001, "Yd": 25.12}, "0R8L": {"Xm": 1.92, "Ym": 18.400000000000002, "Xd": 8.8, "Yd": 25.12}, "0R9S": {"Xm": 6.88, "Ym": 13.92, "Xd": 15.0796448, "Yd": 22.400000000000002}, "0R10S": {"Xm": 3.2, "Ym": 11.200000000000001, "Xd": 15.040000000000001, "Yd": 22.400000000000002}, "0R11S": {"Xm": 0.0, "Ym": 9.920000000000002, "Xd": 7.040000000000001, "Yd": 16.96}, "0R11L": {"Xm": 5.44, "Ym": 12.8, "Xd": 9.76, "Yd": 17.44}, "1L0L": {"Xm": 2.2399999999999998, "Ym": 1.7600000000000002, "Xd": 24.96, "Yd": 20.0}, "1L0S": {"Xm": 0.0, "Ym": 0.0, "Xd": 14.880000000000003, "Yd": 14.4}, "1L1S": {"Xm": 0.0, "Ym": 0.0, "Xd": 10.4, "Yd": 10.72}, "1L1R": {"Xm": 0.0, "Ym": 0.0, "Xd": 6.24, "Yd": 5.920000000000001}, "1L2L": {"Xm": 1.4400000000000002, "Ym": 1.7600000000000002, "Xd": 22.560000000000002, "Yd": 27.04}, "1L3L": {"Xm": 6.08, "Ym": 6.88, "Xd": 12.8, "Yd": 13.76}, "1L0R": {"Xm": 0.0, "Ym": 0.0, "Xd": 9.600000000000001, "Yd": 9.920000000000002}, "1L3S": {"Xm": 10.240000000000002, "Ym": 8.0, "Xd": 25.12, "Yd": 22.400000000000002}, "1L4L": {"Xm": 9.440000000000001, "Ym": 9.120000000000001, "Xd": 16.0, "Yd": 15.680000000000001}, "1L4S": {"Xm": 14.719999999999999, "Ym": 11.68, "Xd": 25.1327424, "Yd": 22.400000000000002}, "1L6S": {"Xm": 10.240000000000002, "Ym": 5.760000000000001, "Xd": 18.56, "Yd": 14.080000000000002}, "1L6R": {"Xm": 15.52, "Ym": 5.28, "Xd": 25.12, "Yd": 15.040000000000001}, "1L6L": {"Xm": 10.240000000000002, "Ym": 7.68, "Xd": 14.880000000000003, "Yd": 12.32}, "1L5L": {"Xm": 12.64, "Ym": 11.840000000000002, "Xd": 19.36, "Yd": 18.56}, "1L7S": {"Xm": 14.719999999999999, "Ym": 4.16, "Xd": 21.92, "Yd": 11.36}, "1L7R": {"Xm": 19.040000000000003, "Ym": 4.16, "Xd": 25.1327424, "Yd": 10.053097600000001}, "1L7L": {"Xm": 4.4799999999999995, "Ym": 4.4799999999999995, "Xd": 20.64, "Yd": 20.64}, "1L8S": {"Xm": 18.400000000000002, "Ym": 3.3600000000000003, "Xd": 25.1327424, "Yd": 10.08}, "1L8L": {"Xm": 0.8, "Ym": 3.5200000000000005, "Xd": 24.32, "Yd": 26.72}, "1L9S": {"Xm": 6.56, "Ym": 8.32, "Xd": 14.880000000000003, "Yd": 16.64}, "1L9L": {"Xm": 12.32, "Ym": 6.4, "Xd": 19.200000000000003, "Yd": 13.280000000000001}, "1L10S": {"Xm": 3.2, "Ym": 11.040000000000001, "Xd": 10.4, "Yd": 18.240000000000002}, "1L10L": {"Xm": 9.120000000000001, "Ym": 9.440000000000001, "Xd": 15.680000000000001, "Yd": 16.0}, "1L11S": {"Xm": 0.0, "Ym": 12.32, "Xd": 6.720000000000001, "Yd": 19.040000000000003}, "1S0R": {"Xm": 0.0, "Ym": 0.0, "Xd": 11.200000000000001, "Yd": 11.840000000000002}, "1S1R": {"Xm": 0.0, "Ym": 0.0, "Xd": 7.2, "Yd": 6.720000000000001}, "1S1L": {"Xm": 0.0, "Ym": 0.0, "Xd": 10.72, "Yd": 10.4}, "1S3S": {"Xm": 9.600000000000001, "Ym": 3.2, "Xd": 16.16, "Yd": 9.76}, "1S3L": {"Xm": 7.040000000000001, "Ym": 3.2, "Xd": 14.719999999999999, "Yd": 10.88}, "1S2L": {"Xm": 0.0, "Ym": 0.0, "Xd": 15.680000000000001, "Yd": 16.16}, "1S3R": {"Xm": 11.200000000000001, "Ym": 3.2, "Xd": 22.400000000000002, "Yd": 15.040000000000001}, "1S4S": {"Xm": 12.8, "Ym": 3.2, "Xd": 19.36, "Yd": 9.76}, "1S4R": {"Xm": 15.200000000000001, "Ym": 3.2, "Xd": 22.400000000000002, "Yd": 10.053097600000001}, "1S4L": {"Xm": 11.040000000000001, "Ym": 3.2, "Xd": 18.240000000000002, "Yd": 10.4}, "1S5S": {"Xm": 16.0, "Ym": 3.2, "Xd": 22.400000000000002, "Yd": 9.76}, "1S5L": {"Xm": 14.56, "Ym": 3.2, "Xd": 21.6, "Yd": 10.08}, "1S6L": {"Xm": 7.68, "Ym": 9.120000000000001, "Xd": 15.36, "Yd": 16.96}, "1L11L": {"Xm": 5.760000000000001, "Ym": 11.520000000000001, "Xd": 12.48, "Yd": 18.240000000000002}, "1S7L": {"Xm": 4.16, "Ym": 14.719999999999999, "Xd": 11.36, "Yd": 21.92}, "1S9S": {"Xm": 6.24, "Ym": 12.8, "Xd": 12.96, "Yd": 19.36}, "1S8L": {"Xm": 0.8, "Ym": 20.0, "Xd": 7.840000000000001, "Yd": 27.04}, "1S10S": {"Xm": 3.04, "Ym": 12.8, "Xd": 9.76, "Yd": 19.36}, "1S11S": {"Xm": 0.0, "Ym": 12.8, "Xd": 6.4, "Yd": 19.36}, "1S10L": {"Xm": 11.68, "Ym": 14.719999999999999, "Xd": 22.400000000000002, "Yd": 25.1327424}, "1R0R": {"Xm": 0.48, "Ym": 0.8, "Xd": 10.053097600000001, "Yd": 15.040000000000001}, "1S11L": {"Xm": 6.720000000000001, "Ym": 13.92, "Xd": 22.400000000000002, "Yd": 30.080000000000002}, "1R1S": {"Xm": 0.0, "Ym": 0.0, "Xd": 6.720000000000001, "Yd": 7.2}, "1R1L": {"Xm": 0.0, "Ym": 0.0, "Xd": 5.920000000000001, "Yd": 6.24}, "1R2R": {"Xm": 0.48, "Ym": 0.16000000000000003,