{"1L6L": {"Ym": 7.68, "Yd": 12.32, "Xd": 14.880000000000003, "Xm": 10.240000000000002}, "1S3S": {"Ym": 3.2, "Yd": 9.76, "Xd": 16.16, "Xm": 9.600000000000001}, "0L9L": {"Ym": 0.0, "Yd": 10.08, "Xd": 20.106192, "Xm": 10.08}, "0L9S": {"Ym": 0.0, "Yd": 12.8, "Xd": 20.0, "Xm": 6.56}, "1S3L": {"Ym": 3.2, "Yd": 10.88, "Xd": 14.719999999999999, "Xm": 7.040000000000001}, "1L6S": {"Ym": 5.760000000000001, "Yd": 14.080000000000002, "Xd": 18.56, "Xm": 10.240000000000002}, "1L6R": {"Ym": 5.28, "Yd": 15.040000000000001, "Xd": 25.12, "Xm": 15.52}, "1S10L": {"Ym": 14.719999999999999, "Yd": 25.1327424, "Xd": 22.400000000000002, "Xm": 11.68}, "2L3R": {"Ym": 5.44, "Yd": 9.76, "Xd": 17.44, "Xm": 12.8}, "1R11S": {"Ym": 13.280000000000001, "Yd": 22.400000000000002, "Xd": 10.053097600000001, "Xm": 0.0}, "1L9L": {"Ym": 6.4, "Yd": 13.280000000000001, "Xd": 19.200000000000003, "Xm": 12.32}, "0R0L": {"Ym": 0.0, "Yd": 6.56, "Xd": 6.56, "Xm": 0.0}, "2S0R": {"Ym": 8.0, "Yd": 15.0796448, "Xd": 12.48, "Xm": 5.44}, "2S8L": {"Ym": 23.52, "Yd": 30.1592896, "Xd": 6.88, "Xm": 0.16000000000000003}, "1L3S": {"Ym": 8.0, "Yd": 22.400000000000002, "Xd": 25.12, "Xm": 10.240000000000002}, "0R8L": {"Ym": 18.400000000000002, "Yd": 25.12, "Xd": 8.8, "Xm": 1.92}, "0R0S": {"Ym": 0.0, "Yd": 8.48, "Xd": 8.16, "Xm": 0.0}, "0S2L": {"Ym": 11.200000000000001, "Yd": 20.16, "Xd": 18.400000000000002, "Xm": 9.600000000000001}, "1L9S": {"Ym": 8.32, "Yd": 16.64, "Xd": 14.880000000000003, "Xm": 6.56}, "1S10S": {"Ym": 12.8, "Yd": 19.36, "Xd": 9.76, "Xm": 3.04}, "1S7L": {"Ym": 14.719999999999999, "Yd": 21.92, "Xd": 11.36, "Xm": 4.16}, "0L10S": {"Ym": 7.040000000000001, "Yd": 14.719999999999999, "Xd": 10.88, "Xm": 3.2}, "0L8L": {"Ym": 7.2, "Yd": 23.040000000000003, "Xd": 17.919999999999998, "Xm": 2.2399999999999998}, "0L8S": {"Ym": 6.720000000000001, "Yd": 13.440000000000001, "Xd": 20.106192, "Xm": 13.280000000000001}, "0L10L": {"Ym": 6.08, "Yd": 12.8, "Xd": 13.76, "Xm": 6.88}, "1S3R": {"Ym": 3.2, "Yd": 15.040000000000001, "Xd": 22.400000000000002, "Xm": 11.200000000000001}, "1S2L": {"Ym": 0.0, "Yd": 16.16, "Xd": 15.680000000000001, "Xm": 0.0}, "2L2R": {"Ym": 0.0, "Yd": 4.800000000000001, "Xd": 5.28, "Xm": 0.0}, "2L2S": {"Ym": 0.0, "Yd": 11.68, "Xd": 11.36, "Xm": 0.0}, "1R10S": {"Ym": 15.200000000000001, "Yd": 22.400000000000002, "Xd": 10.053097600000001, "Xm": 3.2}, "0S3L": {"Ym": 6.56, "Yd": 20.0, "Xd": 12.8, "Xm": 0.0}, "0L1L": {"Ym": 2.2399999999999998, "Yd": 24.96, "Xd": 20.0, "Xm": 1.7600000000000002}, "2S1R": {"Ym": 0.0, "Yd": 10.053097600000001, "Xd": 9.120000000000001, "Xm": 0.0}, "1S11L": {"Ym": 13.92, "Yd": 30.080000000000002, "Xd": 22.400000000000002, "Xm": 6.720000000000001}, "1S11S": {"Ym": 12.8, "Yd": 19.36, "Xd": 6.4, "Xm": 0.0}, "2S9S": {"Ym": 16.0, "Yd": 22.400000000000002, "Xd": 12.96, "Xm": 6.24}, "0S3R": {"Ym": 6.88, "Yd": 15.0796448, "Xd": 22.400000000000002, "Xm": 13.92}, "0S3S": {"Ym": 6.24, "Yd": 12.96, "Xd": 16.16, "Xm": 9.600000000000001}, "0S10L": {"Ym": 10.240000000000002, "Yd": 25.12, "Xd": 22.400000000000002, "Xm": 8.0}, "1S5S": {"Ym": 3.2, "Yd": 9.76, "Xd": 22.400000000000002, "Xm": 16.0}, "1L0L": {"Ym": 1.7600000000000002, "Yd": 20.0, "Xd": 24.96, "Xm": 2.2399999999999998}, "1L0S": {"Ym": 0.0, "Yd": 14.4, "Xd": 14.880000000000003, "Xm": 0.0}, "1L0R": {"Ym": 0.0, "Yd": 9.920000000000002, "Xd": 9.600000000000001, "Xm": 0.0}, "2R8L": {"Ym": 24.96, "Yd": 30.1592896, "Xd": 5.0265472, "Xm": 0.16000000000000003}, "1S5L": {"Ym": 3.2, "Yd": 10.08, "Xd": 21.6, "Xm": 14.56}, "0R6L": {"Ym": 13.600000000000001, "Yd": 20.106192, "Xd": 15.0796448, "Xm": 8.64}, "2R11S": {"Ym": 16.8, "Yd": 22.400000000000002, "Xd": 5.0265472, "Xm": 0.0}, "0S10S": {"Ym": 9.600000000000001, "Yd": 16.16, "Xd": 9.76, "Xm": 3.04}, "0S4S": {"Ym": 6.24, "Yd": 12.96, "Xd": 19.36, "Xm": 12.8}, "2S6L": {"Ym": 13.280000000000001, "Yd": 20.106192, "Xd": 13.440000000000001, "Xm": 6.720000000000001}, "2S11L": {"Ym": 18.880000000000003, "Yd": 30.1592896, "Xd": 22.400000000000002, "Xm": 10.72}, "0R10S": {"Ym": 11.200000000000001, "Yd": 22.400000000000002, "Xd": 15.040000000000001, "Xm": 3.2}, "2L1S": {"Ym": 0.0, "Yd": 15.680000000000001, "Xd": 16.16, "Xm": 0.0}, "2L1R": {"Ym": 0.0, "Yd": 9.28, "Xd": 8.48, "Xm": 0.0}, "2L9L": {"Ym": 9.920000000000002, "Yd": 16.48, "Xd": 21.76, "Xm": 15.200000000000001}, "2L9S": {"Ym": 12.8, "Yd": 20.32, "Xd": 14.080000000000002, "Xm": 6.4}, "2L1L": {"Ym": 1.4400000000000002, "Yd": 22.560000000000002, "Xd": 27.04, "Xm": 1.7600000000000002}, "2S11S": {"Ym": 16.0, "Yd": 22.400000000000002, "Xd": 6.4, "Xm": 0.0}, "0S4L": {"Ym": 6.56, "Yd": 14.880000000000003, "Xd": 16.64, "Xm": 8.32}, "2L3S": {"Ym": 4.0, "Yd": 12.8, "Xd": 19.040000000000003, "Xm": 9.920000000000002}, "1R2S": {"Ym": 0.0, "Yd": 9.120000000000001, "Xd": 10.053097600000001, "Xm": 0.0}, "1R2R": {"Ym": 0.16000000000000003, "Yd": 5.0265472, "Xd": 10.053097600000001, "Xm": 0.48}, "2S10S": {"Ym": 16.0, "Yd": 22.400000000000002, "Xd": 9.76, "Xm": 3.04}, "1S4R": {"Ym": 3.2, "Yd": 10.053097600000001, "Xd": 22.400000000000002, "Xm": 15.200000000000001}, "1S4S": {"Ym": 3.2, "Yd": 9.76, "Xd": 19.36, "Xm": 12.8}, "1L1R": {"Ym": 0.0, "Yd": 5.920000000000001, "Xd": 6.24, "Xm": 0.0}, "1L1S": {"Ym": 0.0, "Yd": 10.72, "Xd": 10.4, "Xm": 0.0}, "1S4L": {"Ym": 3.2, "Yd": 10.4, "Xd": 18.240000000000002, "Xm": 11.040000000000001}, "1R8L": {"Ym": 21.6, "Yd": 30.1592896, "Xd": 10.053097600000001, "Xm": 0.8}, "1R2L": {"Ym": 0.0, "Yd": 8.48, "Xd": 9.28, "Xm": 0.0}, "2S7L": {"Ym": 18.400000000000002, "Yd": 25.1327424, "Xd": 10.08, "Xm": 3.3600000000000003}, "0L3S": {"Ym": 12.8, "Yd": 22.400000000000002, "Xd": 20.106192, "Xm": 10.72}, "0S5S": {"Ym": 6.24, "Yd": 12.96, "Xd": 22.400000000000002, "Xm": 16.0}, "1L8L": {"Ym": 3.5200000000000005, "Yd": 26.72, "Xd": 24.32, "Xm": 0.8}, "0R11S": {"Ym": 9.920000000000002, "Yd": 16.96, "Xd": 7.040000000000001, "Xm": 0.0}, "2L0R": {"Ym": 6.4, "Yd": 13.12, "Xd": 11.68, "Xm": 5.120000000000001}, "0R1L": {"Ym": 0.0, "Yd": 9.600000000000001, "Xd": 9.920000000000002, "Xm": 0.0}, "0R1S": {"Ym": 0.0, "Yd": 11.200000000000001, "Xd": 11.840000000000002, "Xm": 0.0}, "0R1R": {"Ym": 0.48, "Yd": 10.053097600000001, "Xd": 15.040000000000001, "Xm": 0.8}, "2L8R": {"Ym": 0.16000000000000003, "Yd": 5.0265472, "Xd": 30.1592896, "Xm": 24.96}, "0R11L": {"Ym": 12.8, "Yd": 17.44, "Xd": 9.76, "Xm": 5.44}, "1L8S": {"Ym": 3.3600000000000003, "Yd": 10.08, "Xd": 25.1327424, "Xm": 18.400000000000002}, "0S5L": {"Ym": 6.4, "Yd": 14.080000000000002, "Xd": 20.32, "Xm": 12.8}, "0L3L": {"Ym": 10.08, "Yd": 20.106192, "Xd": 10.08, "Xm": 0.0}, "1L2L": {"Ym": 1.7600000000000002, "Yd": 27.04, "Xd": 22.560000000000002, "Xm": 1.4400000000000002}, "1R1S": {"Ym": 0.0, "Yd": 7.2, "Xd": 6.720000000000001, "Xm": 0.0}, "1L11S": {"Ym": 12.32, "Yd": 19.040000000000003, "Xd": 6.720000000000001, "Xm": 0.0}, "2L11L": {"Ym": 14.880000000000003, "Yd": 21.76, "Xd": 15.36, "Xm": 8.48}, "1R7L": {"Ym": 19.040000000000003, "Yd": 25.1327424, "Xd": 10.053097600000001, "Xm": 4.16}, "1L11L": {"Ym": 11.520000000000001, "Yd": 18.240000000000002, "Xd": 12.48, "Xm": 5.760000000000001}, "0L6R": {"Ym": 8.64, "Yd": 15.0796448, "Xd": 20.106192, "Xm": 13.600000000000001}, "2L7L": {"Ym": 0.8, "Yd": 24.32, "Xd": 26.72, "Xm": 3.5200000000000005}, "2S4S": {"Ym": 0.0, "Yd": 6.4, "Xd": 19.36, "Xm": 12.8}, "2S4R": {"Ym": 0.0, "Yd": 10.053097600000001, "Xd": 22.400000000000002, "Xm": 13.280000000000001}, "2R2S": {"Ym": 0.0, "Yd": 5.6000000000000005, "Xd": 5.0265472, "Xm": 0.0}, "1L5L": {"Ym": 11.840000000000002, "Yd": 18.56, "Xd": 19.36, "Xm": 12.64}, "0L6S": {"Ym": 9.600000000000001, "Yd": 22.400000000000002, "Xd": 13.440000000000001, "Xm": 0.0}, "2L11S": {"Ym": 15.52, "Yd": 22.240000000000002, "Xd": 6.56, "Xm": 0.0}, "0S6L": {"Ym": 0.0, "Yd": 13.440000000000001, "Xd": 22.400000000000002, "Xm": 9.600000000000001}, "2S4L": {"Ym": 0.0, "Yd": 6.720000000000001, "Xd": 19.040000000000003, "Xm": 12.32}, "2R2L": {"Ym": 0.0, "Yd": 5.28, "Xd": 4.800000000000001, "Xm": 0.0}, "2L7S": {"Ym": 0.8,