{"0S1L": {"Ym": 0.0, "Yd": 10.053097600000001, "Xd": 9.120000000000001, "Xm": 0.0}, "0L3S": {"Ym": 0.0, "Yd": 9.120000000000001, "Xd": 10.053097600000001, "Xm": 0.0}, "0S0L": {"Ym": 0.0, "Yd": 6.720000000000001, "Xd": 7.2, "Xm": 0.0}, "0L2R": {"Ym": 0.48, "Yd": 5.0265472, "Xd": 10.053097600000001, "Xm": 5.28}, "0L2S": {"Ym": 0.48, "Yd": 9.600000000000001, "Xd": 10.053097600000001, "Xm": 0.0}, "0S3L": {"Ym": 3.2, "Yd": 10.053097600000001, "Xd": 9.600000000000001, "Xm": 2.4000000000000004}, "0L1L": {"Ym": 2.08, "Yd": 10.053097600000001, "Xd": 8.0, "Xm": 0.0}, "0R3S": {"Ym": 4.0, "Yd": 9.600000000000001, "Xd": 5.0265472, "Xm": 0.0}, "0R0L": {"Ym": 0.0, "Yd": 4.64, "Xd": 4.64, "Xm": 0.0}, "0L2L": {"Ym": 0.48, "Yd": 9.600000000000001, "Xd": 9.600000000000001, "Xm": 0.48}, "0L3L": {"Ym": 0.0, "Yd": 8.0, "Xd": 10.053097600000001, "Xm": 2.08}, "0R2L": {"Ym": 5.28, "Yd": 10.053097600000001, "Xd": 5.0265472, "Xm": 0.48}, "0R0S": {"Ym": 0.0, "Yd": 5.6000000000000005, "Xd": 5.0265472, "Xm": 0.0}, "0S3S": {"Ym": 3.04, "Yd": 9.600000000000001, "Xd": 6.4, "Xm": 0.0}, "0L1S": {"Ym": 2.4000000000000004, "Yd": 9.600000000000001, "Xd": 10.053097600000001, "Xm": 3.2}, "0S2L": {"Ym": 0.0, "Yd": 10.053097600000001, "Xd": 9.600000000000001, "Xm": 0.48}, "0L0R": {"Ym": 0.0, "Yd": 4.64, "Xd": 4.64, "Xm": 0.0}, "0L0S": {"Ym": 0.0, "Yd": 7.2, "Xd": 6.720000000000001, "Xm": 0.0}, "0S0R": {"Ym": 0.0, "Yd": 5.0265472, "Xd": 5.6000000000000005, "Xm": 0.0}, "0S1R": {"Ym": 0.0, "Yd": 5.0265472, "Xd": 9.600000000000001, "Xm": 4.0}, "0S1S": {"Ym": 0.0, "Yd": 6.4, "Xd": 9.600000000000001, "Xm": 3.04}}