{"1R1S": {"Ym": 0.0, "Yd": 5.6000000000000005, "Xd": 5.0265472, "Xm": 0.0}, "0L5L": {"Ym": 3.6799999999999997, "Yd": 16.32, "Xd": 13.76, "Xm": 1.2800000000000002}, "1L2L": {"Ym": 2.8800000000000003, "Yd": 9.600000000000001, "Xd": 11.520000000000001, "Xm": 4.960000000000001}, "0R6S": {"Ym": 8.8, "Yd": 16.0, "Xd": 10.053097600000001, "Xm": 3.2}, "1L6L": {"Ym": 5.6000000000000005, "Yd": 12.16, "Xd": 15.200000000000001, "Xm": 8.64}, "1R7S": {"Ym": 10.4, "Yd": 16.0, "Xd": 5.0265472, "Xm": 0.0}, "1S3S": {"Ym": 0.0, "Yd": 6.4, "Xd": 16.0, "Xm": 9.600000000000001}, "1L0L": {"Ym": 0.8, "Yd": 13.12, "Xd": 17.44, "Xm": 1.1199999999999999}, "1L0S": {"Ym": 0.0, "Yd": 12.8, "Xd": 13.440000000000001, "Xm": 0.0}, "1L0R": {"Ym": 0.0, "Yd": 8.8, "Xd": 8.32, "Xm": 0.0}, "0L6L": {"Ym": 0.0, "Yd": 8.959999999999999, "Xd": 15.040000000000001, "Xm": 6.08}, "1L6S": {"Ym": 7.040000000000001, "Yd": 14.719999999999999, "Xd": 10.88, "Xm": 3.2}, "1S5L": {"Ym": 13.280000000000001, "Yd": 20.106192, "Xd": 7.040000000000001, "Xm": 0.32000000000000006}, "1L2S": {"Ym": 3.2, "Yd": 16.0, "Xd": 20.0, "Xm": 6.56}, "1S1L": {"Ym": 0.0, "Yd": 9.28, "Xd": 9.600000000000001, "Xm": 0.0}, "0R4L": {"Ym": 9.440000000000001, "Yd": 15.0796448, "Xd": 10.053097600000001, "Xm": 4.4799999999999995}, "1S1R": {"Ym": 0.0, "Yd": 5.0265472, "Xd": 5.6000000000000005, "Xm": 0.0}, "0S0L": {"Ym": 0.0, "Yd": 8.16, "Xd": 8.48, "Xm": 0.0}, "0L2S": {"Ym": 7.5200000000000005, "Yd": 16.0, "Xd": 15.0796448, "Xm": 6.88}, "0S2S": {"Ym": 3.2, "Yd": 9.76, "Xd": 12.96, "Xm": 6.24}, "0S2R": {"Ym": 3.2, "Yd": 10.053097600000001, "Xd": 16.0, "Xm": 8.8}, "1L7S": {"Ym": 8.959999999999999, "Yd": 15.680000000000001, "Xd": 6.720000000000001, "Xm": 0.0}, "1R5L": {"Ym": 15.040000000000001, "Yd": 20.106192, "Xd": 5.0265472, "Xm": 0.32000000000000006}, "1S2L": {"Ym": 0.0, "Yd": 7.040000000000001, "Xd": 12.48, "Xm": 5.44}, "0S7L": {"Ym": 6.56, "Yd": 20.0, "Xd": 16.0, "Xm": 3.2}, "1L5R": {"Ym": 0.32000000000000006, "Yd": 5.0265472, "Xd": 20.106192, "Xm": 15.040000000000001}, "1L5S": {"Ym": 0.32000000000000006, "Yd": 7.040000000000001, "Xd": 20.106192, "Xm": 13.280000000000001}, "1L5L": {"Ym": 0.32000000000000006, "Yd": 19.840000000000003, "Xd": 19.840000000000003, "Xm": 0.32000000000000006}, "0L6S": {"Ym": 0.0, "Yd": 11.200000000000001, "Xd": 15.040000000000001, "Xm": 3.2}, "1S7S": {"Ym": 9.600000000000001, "Yd": 16.0, "Xd": 6.4, "Xm": 0.0}, "0R1R": {"Ym": 0.16000000000000003, "Yd": 5.0265472, "Xd": 10.053097600000001, "Xm": 0.48}, "0S6L": {"Ym": 6.88, "Yd": 15.0796448, "Xd": 16.0, "Xm": 7.5200000000000005}, "0L4R": {"Ym": 4.4799999999999995, "Yd": 10.053097600000001, "Xd": 15.0796448, "Xm": 9.440000000000001}, "0L4S": {"Ym": 4.800000000000001, "Yd": 16.0, "Xd": 11.840000000000002, "Xm": 0.0}, "0S2L": {"Ym": 3.2, "Yd": 15.040000000000001, "Xd": 11.200000000000001, "Xm": 0.0}, "0L2L": {"Ym": 6.08, "Yd": 15.040000000000001, "Xd": 8.959999999999999, "Xm": 0.0}, "0L0S": {"Ym": 0.0, "Yd": 8.48, "Xd": 8.16, "Xm": 0.0}, "0S0R": {"Ym": 0.0, "Yd": 6.720000000000001, "Xd": 7.2, "Xm": 0.0}, "0S4L": {"Ym": 0.0, "Yd": 11.840000000000002, "Xd": 16.0, "Xm": 4.800000000000001}, "1S2R": {"Ym": 0.0, "Yd": 10.053097600000001, "Xd": 16.0, "Xm": 6.88}, "1S2S": {"Ym": 0.0, "Yd": 6.4, "Xd": 12.96, "Xm": 6.24}, "1L3L": {"Ym": 5.120000000000001, "Yd": 12.0, "Xd": 14.880000000000003, "Xm": 8.16}, "0R7S": {"Ym": 6.88, "Yd": 16.0, "Xd": 10.053097600000001, "Xm": 0.0}, "1L7L": {"Ym": 8.16, "Yd": 14.880000000000003, "Xd": 12.0, "Xm": 5.120000000000001}, "1S0R": {"Ym": 0.0, "Yd": 10.053097600000001, "Xd": 9.120000000000001, "Xm": 0.0}, "0S7S": {"Ym": 6.24, "Yd": 12.96, "Xd": 6.4, "Xm": 0.0}, "0R0S": {"Ym": 0.0, "Yd": 7.2, "Xd": 6.720000000000001, "Xm": 0.0}, "1R0R": {"Ym": 0.48, "Yd": 10.053097600000001, "Xd": 5.0265472, "Xm": 0.16000000000000003}, "0R5L": {"Ym": 11.840000000000002, "Yd": 20.106192, "Xd": 10.053097600000001, "Xm": 1.2800000000000002}, "1L1R": {"Ym": 0.0, "Yd": 4.800000000000001, "Xd": 5.120000000000001, "Xm": 0.0}, "1L1S": {"Ym": 0.0, "Yd": 9.600000000000001, "Xd": 9.28, "Xm": 0.0}, "1S4L": {"Ym": 8.0, "Yd": 15.0796448, "Xd": 10.56, "Xm": 3.5200000000000005}, "0L0R": {"Ym": 0.0, "Yd": 5.6000000000000005, "Xd": 5.760000000000001, "Xm": 0.0}, "0S6S": {"Ym": 6.24, "Yd": 12.96, "Xd": 9.76, "Xm": 3.04}, "1L4R": {"Ym": 1.2800000000000002, "Yd": 10.053097600000001, "Xd": 20.106192, "Xm": 11.840000000000002}, "1L3S": {"Ym": 6.4, "Yd": 16.0, "Xd": 20.106192, "Xm": 10.72}, "1R1L": {"Ym": 0.0, "Yd": 5.120000000000001, "Xd": 4.800000000000001, "Xm": 0.0}, "0S1L": {"Ym": 0.0, "Yd": 13.440000000000001, "Xd": 12.8, "Xm": 0.0}, "0L7L": {"Ym": 4.960000000000001, "Yd": 11.520000000000001, "Xd": 9.600000000000001, "Xm": 2.8800000000000003}, "0S3L": {"Ym": 3.2, "Yd": 10.88, "Xd": 14.719999999999999, "Xm": 7.040000000000001}, "1S3L": {"Ym": 0.0, "Yd": 6.720000000000001, "Xd": 15.680000000000001, "Xm": 8.959999999999999}, "0L1L": {"Ym": 1.1199999999999999, "Yd": 17.44, "Xd": 13.12, "Xm": 0.8}, "1L4S": {"Ym": 1.2800000000000002, "Yd": 8.959999999999999, "Xd": 16.96, "Xm": 9.120000000000001}, "0R1L": {"Ym": 0.0, "Yd": 8.32, "Xd": 8.8, "Xm": 0.0}, "0L3L": {"Ym": 8.64, "Yd": 15.200000000000001, "Xd": 12.16, "Xm": 5.6000000000000005}, "0R1S": {"Ym": 0.0, "Yd": 9.120000000000001, "Xd": 10.053097600000001, "Xm": 0.0}, "1L4L": {"Ym": 1.2800000000000002, "Yd": 13.76, "Xd": 16.32, "Xm": 3.6799999999999997}, "0L5S": {"Ym": 3.5200000000000005, "Yd": 10.56, "Xd": 15.0796448, "Xm": 8.0}, "1S6S": {"Ym": 9.600000000000001, "Yd": 16.0, "Xd": 9.76, "Xm": 3.04}, "1S7L": {"Ym": 10.72, "Yd": 20.106192, "Xd": 16.0, "Xm": 6.4}, "1S3R": {"Ym": 0.0, "Yd": 5.0265472, "Xd": 16.0, "Xm": 10.4}, "0S3S": {"Ym": 3.2, "Yd": 9.76, "Xd": 16.0, "Xm": 9.600000000000001}, "0S5L": {"Ym": 9.120000000000001, "Yd": 16.96, "Xd": 8.959999999999999, "Xm": 1.2800000000000002}, "0R0L": {"Ym": 0.0, "Yd": 5.760000000000001, "Xd": 5.6000000000000005, "Xm": 0.0}, "0L7S": {"Ym": 5.44, "Yd": 12.48, "Xd": 7.040000000000001, "Xm": 0.0}}