{"2L8L": {"tau_S1_S2": 8.268336314847943, "tau_S2_S1": 0.26833631484794274}}