{"0S1S": {"distance_diff_max_12": 6.708000000000084, "distance_diff_max_21": 0.5589999999999984}, "0S1L": {"distance_diff_max_12": 6.708000000000098, "distance_diff_max_21": 0.5589999999999984}, "0S1R": {"distance_diff_max_12": 5.030999999999985, "distance_diff_max_21": 0.5589999999999984}, "0S2L": {"distance_diff_max_12": 11.739000000000175, "distance_diff_max_21": -4.472000000000065}, "0S3S": {"distance_diff_max_12": 45.837999999999944, "distance_diff_max_21": -38.01199999999986}, "0S3L": {"distance_diff_max_12": 45.837999999999944, "distance_diff_max_21": -38.01199999999986}, "0S3R": {"distance_diff_max_12": 45.837999999999944, "distance_diff_max_21": -38.01199999999986}, "0S4S": {"distance_diff_max_12": 50.86900000000014, "distance_diff_max_21": -44.16100000000009}, "0S4L": {"distance_diff_max_12": 50.86900000000014, "distance_diff_max_21": -44.16100000000009}, "0S4R": {"distance_diff_max_12": 50.31000000000021, "distance_diff_max_21": -47.514999999999965}, "0S5S": {"distance_diff_max_12": 57.018000000000185, "distance_diff_max_21": -49.75100000000016}, "0S5L": {"distance_diff_max_12": 57.018000000000185, "distance_diff_max_21": -49.75100000000016}, "0S6L": {"distance_diff_max_12": -81.05500000000023, "distance_diff_max_21": 88.88100000000047}, "0S7L": {"distance_diff_max_12": -80.49600000000004, "distance_diff_max_21": 86.64500000000014}, "0S8L": {"distance_diff_max_12": -78.81899999999995, "distance_diff_max_21": 85.52700000000002}, "0S9S": {"distance_diff_max_12": -38.570999999999856, "distance_diff_max_21": 45.837999999999965}, "0S9L": {"distance_diff_max_12": -38.012000000000484, "distance_diff_max_21": 46.397000000000574}, "0S10S": {"distance_diff_max_12": -36.334999999999866, "distance_diff_max_21": 42.48399999999985}, "0S10L": {"distance_diff_max_12": -35.77600000000051, "distance_diff_max_21": 42.48399999999985}, "0S11S": {"distance_diff_max_12": -34.65799999999987, "distance_diff_max_21": 41.36599999999986}, "0S11L": {"distance_diff_max_12": -34.65799999999987, "distance_diff_max_21": 41.36599999999986}, "0L1S": {"distance_diff_max_12": 5.030999999999985, "distance_diff_max_21": 0.5589999999999984}, "0L1L": {"distance_diff_max_12": 5.031000000000091, "distance_diff_max_21": 0.5589999999999984}, "0L1R": {"distance_diff_max_12": 5.030999999999985, "distance_diff_max_21": 0.5589999999999984}, "0L3S": {"distance_diff_max_12": 45.838000000000605, "distance_diff_max_21": -38.01199999999986}, "0L3L": {"distance_diff_max_12": 45.838000000000605, "distance_diff_max_21": -38.01199999999986}, "0L3R": {"distance_diff_max_12": 45.837999999999944, "distance_diff_max_21": -38.01199999999986}, "0L4S": {"distance_diff_max_12": 48.633000000000706, "distance_diff_max_21": -45.83800000000065}, "0L4L": {"distance_diff_max_12": 49.192000000000704, "distance_diff_max_21": -43.0430000000006}, "0L5L": {"distance_diff_max_12": 53.66400000000077, "distance_diff_max_21": -46.397000000000645}, "0L6S": {"distance_diff_max_12": 87.76300000000056, "distance_diff_max_21": -79.93700000000037}, "0L6L": {"distance_diff_max_12": 87.76300000000056, "distance_diff_max_21": 88.88100000000047}, "0L6R": {"distance_diff_max_12": 87.76300000000056, "distance_diff_max_21": -79.93700000000037}, "0L7S": {"distance_diff_max_12": 92.79400000000076, "distance_diff_max_21": -86.08600000000072}, "0L7L": {"distance_diff_max_12": 92.79400000000076, "distance_diff_max_21": 86.64500000000014}, "0L7R": {"distance_diff_max_12": 92.23500000000081, "distance_diff_max_21": -89.44000000000057}, "0L8S": {"distance_diff_max_12": 98.3840000000008, "distance_diff_max_21": -91.11700000000071}, "0L8L": {"distance_diff_max_12": 98.3840000000008, "distance_diff_max_21": 85.52700000000002}, "0L9S": {"distance_diff_max_12": -38.570999999999856, "distance_diff_max_21": 45.837999999999965}, "0L9L": {"distance_diff_max_12": -38.012000000000484, "distance_diff_max_21": 46.397000000000574}, "0L10S": {"distance_diff_max_12": -36.334999999999866, "distance_diff_max_21": 42.48399999999985}, "0L10L": {"distance_diff_max_12": -36.334999999999866, "distance_diff_max_21": 42.48399999999985}, "0L11S": {"distance_diff_max_12": -34.65799999999987, "distance_diff_max_21": 41.36599999999986}, "0L11L": {"distance_diff_max_12": -34.65799999999987, "distance_diff_max_21": 41.36599999999986}, "0R1S": {"distance_diff_max_12": 7.825999999999972, "distance_diff_max_21": 0.5589999999999984}, "0R1L": {"distance_diff_max_12": 7.825999999999972, "distance_diff_max_21": 0.5589999999999984}, "0R1R": {"distance_diff_max_12": 7.825999999999972, "distance_diff_max_21": 0.5589999999999984}, "0R2S": {"distance_diff_max_12": 14.53399999999995, "distance_diff_max_21": -7.2669999999999675}, "0R2L": {"distance_diff_max_12": 14.53399999999995, "distance_diff_max_21": -7.2669999999999675}, "0R6L": {"distance_diff_max_12": -81.05500000000023, "distance_diff_max_21": 88.88100000000047}, "0R7L": {"distance_diff_max_12": -78.81900000000073, "distance_diff_max_21": 86.64500000000014}, "0R8L": {"distance_diff_max_12": -78.81899999999995, "distance_diff_max_21": 85.52700000000002}, "0R9S": {"distance_diff_max_12": -38.570999999999856, "distance_diff_max_21": 45.837999999999965}, "0R9L": {"distance_diff_max_12": -38.570999999999856, "distance_diff_max_21": 45.837999999999965}, "0R10S": {"distance_diff_max_12": -34.65800000000011, "distance_diff_max_21": 42.48399999999985}, "0R10L": {"distance_diff_max_12": -34.09900000000004, "distance_diff_max_21": 42.48399999999985}, "0R11S": {"distance_diff_max_12": -34.65799999999987, "distance_diff_max_21": 41.36599999999986}, "0R11L": {"distance_diff_max_12": -29.627000000000066, "distance_diff_max_21": 41.36599999999986}, "1S2S": {"distance_diff_max_12": 7.26700000000011, "distance_diff_max_21": -0.5589999999999979}, "1S2L": {"distance_diff_max_12": 7.826000000000121, "distance_diff_max_21": -0.5589999999999979}, "1S2R": {"distance_diff_max_12": 5.030999999999981, "distance_diff_max_21": -0.5589999999999979}, "1S3S": {"distance_diff_max_12": 44.160999999999845, "distance_diff_max_21": -37.45299999999987}, "1S3L": {"distance_diff_max_12": 44.160999999999845, "distance_diff_max_21": -37.45299999999987}, "1S3R": {"distance_diff_max_12": 44.160999999999845, "distance_diff_max_21": -35.21700000000011}, "1S4S": {"distance_diff_max_12": 46.95600000000001, "distance_diff_max_21": -40.806999999999846}, "1S4L": {"distance_diff_max_12": 46.95600000000001, "distance_diff_max_21": -40.806999999999846}, "1S4R": {"distance_diff_max_12": 46.95600000000012, "distance_diff_max_21": -40.806999999999846}, "1S5S": {"distance_diff_max_12": 53.105000000000096, "distance_diff_max_21": -46.397000000000034}, "1S5L": {"distance_diff_max_12": 53.105000000000096, "distance_diff_max_21": -46.397000000000034}, "1S5R": {"distance_diff_max_12": 52.54600000000009, "distance_diff_max_21": -49.19199999999993}, "1S6L": {"distance_diff_max_12": -86.64500000000015, "distance_diff_max_21": 92.79400000000076}, "1S7L": {"distance_diff_max_12": -83.2910000000001, "distance_diff_max_21": 89.4400000000006}, "1S8L": {"distance_diff_max_12": -81.61399999999999, "distance_diff_max_21": 88.32200000000006}, "1S9S": {"distance_diff_max_12": -43.602000000000096, "distance_diff_max_21": 50.31000000000016}, "1S9L": {"distance_diff_max_12": -44.160999999999845, "distance_diff_max_21": 48.633000000000706}, "1S10S": {"distance_diff_max_12": -39.12999999999985, "distance_diff_max_21": 45.27899999999998}, "1S10L": {"distance_diff_max_12": -39.12999999999985, "distance_diff_max_21": 45.27900000000065}, "1S11S": {"distance_diff_max_12": -37.45299999999987, "distance_diff_max_21": 44.160999999999845}, "1S11L": {"distance_diff_max_12": -36.89400000000052, "distance_diff_max_21": 44.160999999999845}, "1L2S": {"distance_diff_max_12": 5.030999999999981, "distance_diff_max_21": -0.5589999999999979}, "1L2L": {"distance_diff_max_12": 5.5900000000000745, "distance_diff_max_21": -0.5589999999999979}, "1L2R": {"distance_diff_max_12": 5.030999999999981,