{"0S1L": {"distance_diff_max_12": 6.70799999999997, "distance_diff_max_21": -3.353999999999985}, "0S2L": {"distance_diff_max_12": 13.415999999999954, "distance_diff_max_21": -8.943999999999974}, "0S3S": {"distance_diff_max_12": 43.601999999999876, "distance_diff_max_21": -39.12999999999985}, "0S3L": {"distance_diff_max_12": 43.601999999999876, "distance_diff_max_21": -39.12999999999985}, "0S3R": {"distance_diff_max_12": 43.601999999999876, "distance_diff_max_21": -39.12999999999985}, "0S4S": {"distance_diff_max_12": 49.19199999999982, "distance_diff_max_21": -45.83799999999983}, "0S4L": {"distance_diff_max_12": 49.19199999999982, "distance_diff_max_21": -45.83799999999983}, "0S5S": {"distance_diff_max_12": 55.89999999999981, "distance_diff_max_21": -52.545999999999815}, "0S5L": {"distance_diff_max_12": 55.89999999999981, "distance_diff_max_21": -52.545999999999815}, "0S6L": {"distance_diff_max_12": -80.4959999999997, "distance_diff_max_21": 84.96799999999972}, "0S7L": {"distance_diff_max_12": -79.37799999999977, "distance_diff_max_21": 82.73199999999979}, "0S8L": {"distance_diff_max_12": -78.25999999999979, "distance_diff_max_21": 81.61399999999979}, "0S9S": {"distance_diff_max_12": -39.12999999999985, "distance_diff_max_21": 43.601999999999876}, "0S9L": {"distance_diff_max_12": -39.12999999999985, "distance_diff_max_21": 43.601999999999876}, "0S10S": {"distance_diff_max_12": -36.89399999999993, "distance_diff_max_21": 40.247999999999934}, "0S10L": {"distance_diff_max_12": -36.89399999999993, "distance_diff_max_21": 40.247999999999934}, "0S11S": {"distance_diff_max_12": -34.65799999999995, "distance_diff_max_21": 39.12999999999995}, "0S11L": {"distance_diff_max_12": -34.65799999999995, "distance_diff_max_21": 39.12999999999995}, "0L3S": {"distance_diff_max_12": 43.601999999999876, "distance_diff_max_21": -39.12999999999985}, "0L3L": {"distance_diff_max_12": 43.601999999999876, "distance_diff_max_21": -39.12999999999985}, "0L3R": {"distance_diff_max_12": 43.601999999999876, "distance_diff_max_21": -39.12999999999985}, "0L4L": {"distance_diff_max_12": 48.07399999999984, "distance_diff_max_21": -44.71999999999984}, "0L5L": {"distance_diff_max_12": 54.78199999999981, "distance_diff_max_21": -50.30999999999983}, "0L6S": {"distance_diff_max_12": 84.96799999999973, "distance_diff_max_21": -80.4959999999997}, "0L6L": {"distance_diff_max_12": 84.96799999999973, "distance_diff_max_21": 84.96799999999972}, "0L6R": {"distance_diff_max_12": 84.96799999999973, "distance_diff_max_21": -80.4959999999997}, "0L7S": {"distance_diff_max_12": 90.55799999999968, "distance_diff_max_21": -87.2039999999997}, "0L7L": {"distance_diff_max_12": 90.55799999999968, "distance_diff_max_21": 82.73199999999979}, "0L8S": {"distance_diff_max_12": 97.26599999999966, "distance_diff_max_21": -93.91199999999967}, "0L8L": {"distance_diff_max_12": 97.26599999999966, "distance_diff_max_21": 81.61399999999979}, "0L9S": {"distance_diff_max_12": -39.12999999999985, "distance_diff_max_21": 43.601999999999876}, "0L9L": {"distance_diff_max_12": -39.12999999999985, "distance_diff_max_21": 43.601999999999876}, "0L10S": {"distance_diff_max_12": -36.89399999999993, "distance_diff_max_21": 40.247999999999934}, "0L10L": {"distance_diff_max_12": -36.89399999999993, "distance_diff_max_21": 40.247999999999934}, "0L11S": {"distance_diff_max_12": -34.65799999999995, "distance_diff_max_21": 39.12999999999995}, "0L11L": {"distance_diff_max_12": -34.65799999999995, "distance_diff_max_21": 39.12999999999995}, "0R1S": {"distance_diff_max_12": 7.825999999999972, "distance_diff_max_21": -4.47199999999998}, "0R1L": {"distance_diff_max_12": 7.825999999999972, "distance_diff_max_21": -4.47199999999998}, "0R2S": {"distance_diff_max_12": 14.53399999999995, "distance_diff_max_21": -10.061999999999962}, "0R2L": {"distance_diff_max_12": 14.53399999999995, "distance_diff_max_21": -10.061999999999962}, "0R6L": {"distance_diff_max_12": -80.4959999999997, "distance_diff_max_21": 84.96799999999972}, "0R7L": {"distance_diff_max_12": -79.37799999999977, "distance_diff_max_21": 82.73199999999979}, "0R8L": {"distance_diff_max_12": -78.25999999999979, "distance_diff_max_21": 81.61399999999979}, "0R9S": {"distance_diff_max_12": -39.12999999999985, "distance_diff_max_21": 43.601999999999876}, "0R9L": {"distance_diff_max_12": -39.12999999999985, "distance_diff_max_21": 43.601999999999876}, "0R10S": {"distance_diff_max_12": -36.89399999999993, "distance_diff_max_21": 40.247999999999934}, "0R10L": {"distance_diff_max_12": -34.65799999999987, "distance_diff_max_21": 40.247999999999934}, "0R11S": {"distance_diff_max_12": -34.65799999999995, "distance_diff_max_21": 39.12999999999995}, "0R11L": {"distance_diff_max_12": -27.949999999999903, "distance_diff_max_21": 39.12999999999995}, "1S2L": {"distance_diff_max_12": 7.825999999999965, "distance_diff_max_21": -3.353999999999985}, "1S3S": {"distance_diff_max_12": 40.24799999999993, "distance_diff_max_21": -36.89399999999993}, "1S3L": {"distance_diff_max_12": 40.24799999999993, "distance_diff_max_21": -36.89399999999993}, "1S3R": {"distance_diff_max_12": 40.24799999999993, "distance_diff_max_21": -36.89399999999993}, "1S4S": {"distance_diff_max_12": 43.60199999999991, "distance_diff_max_21": -40.24799999999985}, "1S4L": {"distance_diff_max_12": 43.60199999999991, "distance_diff_max_21": -40.24799999999985}, "1S4R": {"distance_diff_max_12": 43.60199999999991, "distance_diff_max_21": -40.24799999999985}, "1S5S": {"distance_diff_max_12": 50.30999999999982, "distance_diff_max_21": -46.95599999999983}, "1S5L": {"distance_diff_max_12": 50.30999999999982, "distance_diff_max_21": -46.95599999999983}, "1S6L": {"distance_diff_max_12": -87.2039999999997, "distance_diff_max_21": 90.55799999999968}, "1S7L": {"distance_diff_max_12": -82.7319999999997, "distance_diff_max_21": 86.08599999999976}, "1S8L": {"distance_diff_max_12": -80.49599999999978, "distance_diff_max_21": 84.96799999999979}, "1S9S": {"distance_diff_max_12": -45.83799999999983, "distance_diff_max_21": 49.19199999999982}, "1S10S": {"distance_diff_max_12": -40.24799999999985, "distance_diff_max_21": 43.60199999999991}, "1S10L": {"distance_diff_max_12": -40.24799999999985, "distance_diff_max_21": 43.60199999999991}, "1S11S": {"distance_diff_max_12": -38.01199999999994, "distance_diff_max_21": 41.36599999999994}, "1S11L": {"distance_diff_max_12": -38.01199999999994, "distance_diff_max_21": 41.36599999999994}, "1L3S": {"distance_diff_max_12": 40.24799999999993, "distance_diff_max_21": -36.89399999999993}, "1L3L": {"distance_diff_max_12": 40.24799999999993, "distance_diff_max_21": -36.89399999999993}, "1L3R": {"distance_diff_max_12": 40.24799999999993, "distance_diff_max_21": -34.65799999999987}, "1L4S": {"distance_diff_max_12": 43.60199999999991, "distance_diff_max_21": -40.24799999999985}, "1L4L": {"distance_diff_max_12": 43.60199999999991, "distance_diff_max_21": -40.24799999999985}, "1L4R": {"distance_diff_max_12": 43.60199999999991, "distance_diff_max_21": -40.24799999999985}, "1L5L": {"distance_diff_max_12": 49.19199999999982, "distance_diff_max_21": -45.83799999999984}, "1L6S": {"distance_diff_max_12": 82.73199999999979, "distance_diff_max_21": -79.37799999999977}, "1L6L": {"distance_diff_max_12": 82.73199999999979, "distance_diff_max_21": 90.55799999999968}, "1L6R": {"distance_diff_max_12": 82.73199999999979, "distance_diff_max_21": -79.37799999999977}, "1L7S": {"distance_diff_max_12": 86.08599999999976, "distance_diff_max_21": -82.7319999999997}, "1L7L": {"distance_diff_max_12": 86.08599999999976, "distance_diff_max_21": 86.08599999999976}, "1L7R": {"distance_diff_max_12": 86.08599999999976, "distance_diff_max_21": -82.7319999999997}, "1L8S": {"distance_diff_max_12": 92.79399999999967, "distance_diff_max_21": -88.32199999999969}, "1L8L": {"distance_diff_max_12": 92.79399999999967, "distance_diff_max_21": 84.96799999999979}, "1L9S": {"distance_diff_max_12": -45.83799999999983, "distance_diff_max_21": 49.19199999999982},