{"0R": 15.0796448, "0S": 22.400000000000002, "1S": 22.400000000000002, "1R": 10.053097600000001, "2R": 5.0265472, "2S": 22.400000000000002, "2L": 30.1592896, "1L": 25.1327424, "0L": 20.106192}