{"0R": 10.053097600000001, "0S": 16.0, "1S": 16.0, "1R": 5.0265472, "1L": 20.106192, "0L": 15.0796448}