{"0R": 5.0265472, "0S": 9.600000000000001, "0L": 10.053097600000001}