{"0S": 8.499999999999979, "0L": 12.099999999999966, "0R": 4.699999999999992, "1S": 7.6999999999999815, "1L": 11.399999999999968, "1R": 3.899999999999995, "2S": 6.899999999999984, "2L": 10.69999999999997, "2R": 3.099999999999998, "3S": 8.399999999999979, "3L": 12.099999999999966, "3R": 4.699999999999992, "4S": 7.6999999999999815, "4L": 11.399999999999968, "4R": 3.899999999999995, "5S": 6.899999999999984, "5L": 10.69999999999997, "5R": 3.099999999999998, "6S": 8.399999999999979, "6L": 12.099999999999966, "6R": 4.699999999999992, "7S": 7.599999999999982, "7L": 11.399999999999968, "7R": 3.899999999999995, "8S": 6.899999999999984, "8L": 10.69999999999997, "8R": 3.099999999999998, "9S": 8.399999999999979, "9L": 12.099999999999966, "9R": 4.699999999999992, "10S": 7.6999999999999815, "10L": 11.399999999999968, "10R": 3.899999999999995, "11S": 6.899999999999984, "11L": 10.69999999999997, "11R": 2.9999999999999982}