{"0S": 8.300000000000008, "0L": 12.150000000000063, "0R": 4.549999999999985, "1S": 7.699999999999999, "1L": 11.650000000000055, "1R": 3.849999999999987, "2S": 7.04999999999999, "2L": 11.100000000000048, "2R": 3.04999999999999, "3S": 8.40000000000001, "3L": 12.100000000000062, "3R": 4.5999999999999845, "4S": 7.75, "4L": 11.600000000000055, "4R": 3.7999999999999874, "5S": 7.04999999999999, "5L": 11.050000000000047, "5R": 2.9999999999999902, "6S": 8.350000000000009, "6L": 12.150000000000063, "6R": 4.5999999999999845, "7S": 7.699999999999999, "7L": 11.550000000000054, "7R": 3.849999999999987, "8S": 7.04999999999999, "8L": 10.950000000000045, "8R": 3.04999999999999, "9S": 8.350000000000009, "9L": 12.100000000000062, "9R": 4.499999999999985, "10S": 7.599999999999998, "10L": 11.500000000000053, "10R": 3.7499999999999876, "11S": 6.999999999999989, "11L": 11.000000000000046, "11R": 3.09999999999999}